Workbook

Sheet Painel
A1: Controle de Vida dos Equipamentos | MCC4
A2: ="Dados do robô até: "&IF(MAX(Historico!$A$2:$A$5000)=0,"nenhum e-mail processado ainda",TEXT(MAX(Historico!$A$2:$A$5000),"dd/mm/yyyy"))&" | Hoje: "&TEXT(TODAY(),"dd/mm/yyyy")
A3: Lucas Gabriel de Paula Rafael | Matrícula cbk3574 | github.com/lucasdpr/controle-equipamentos
A4: Além da meta | C4: Atenção | E4: OK | G4: Alertas abertos
A5: =COUNTIF(Resumo!$I$2:$I$9,"Além da meta") | C5: =COUNTIF(Resumo!$I$2:$I$9,"Atenção") | E5: =COUNTIF(Resumo!$I$2:$I$9,"OK") | G5: =COUNTA(Alertas!$A$2:$A$5000)-COUNTIFS(Alertas!$E$2:$E$5000,"Sim")
A7: Item | B7: Unidade | C7: Meta | D7: Acumulado | E7: Falta | F7: % | G7: Situação | H7: Em máquina
A8: =Resumo!A2 | B8: =Resumo!C2 | C8: =Resumo!D2 | D8: =Resumo!F2 | E8: =Resumo!G2 | F8: =Resumo!H2 | G8: =Resumo!I2 | H8: =Resumo!J2
A9: =Resumo!A3 | B9: =Resumo!C3 | C9: =Resumo!D3 | D9: =Resumo!F3 | E9: =Resumo!G3 | F9: =Resumo!H3 | G9: =Resumo!I3 | H9: =Resumo!J3
A10: =Resumo!A4 | B10: =Resumo!C4 | C10: =Resumo!D4 | D10: =Resumo!F4 | E10: =Resumo!G4 | F10: =Resumo!H4 | G10: =Resumo!I4 | H10: =Resumo!J4
A11: =Resumo!A5 | B11: =Resumo!C5 | C11: =Resumo!D5 | D11: =Resumo!F5 | E11: =Resumo!G5 | F11: =Resumo!H5 | G11: =Resumo!I5 | H11: =Resumo!J5
A12: =Resumo!A6 | B12: =Resumo!C6 | C12: =Resumo!D6 | D12: =Resumo!F6 | E12: =Resumo!G6 | F12: =Resumo!H6 | G12: =Resumo!I6 | H12: =Resumo!J6
A13: =Resumo!A7 | B13: =Resumo!C7 | C13: =Resumo!D7 | D13: =Resumo!F7 | E13: =Resumo!G7 | F13: =Resumo!H7 | G13: =Resumo!I7 | H13: =Resumo!J7
A14: =Resumo!A8 | B14: =Resumo!C8 | C14: =Resumo!D8 | D14: =Resumo!F8 | E14: =Resumo!G8 | F14: =Resumo!H8 | G14: =Resumo!I8 | H14: =Resumo!J8
A15: =Resumo!A9 | B15: =Resumo!C9 | C15: =Resumo!D9 | D15: =Resumo!F9 | E15: =Resumo!G9 | F15: =Resumo!H9 | G15: =Resumo!I9 | H15: =Resumo!J9

Sheet Resumo
A1: Item | B1: Tipo | C1: Unidade | D1: Meta | E1: Acumulado inicial | F1: Acumulado | G1: Falta | H1: % | I1: Situação | J1: Em máquina agora | K1: Veio
A2: Molde G | B2: Molde | C2: corridas | D2: 1100 | F2: =IF(C2="corridas",SUMIFS(Historico!$E:$E,Historico!$B:$B,K2,Historico!$A:$A,SUMPRODUCT(MAX((Historico!$B$2:$B$5000=K2)*Historico!$A$2:$A$5000))),N(E2)+IF(C2="dias",SUMIFS(Movimentos!$D:$D,Movimentos!$A:$A,A2),SUMIFS(Movimentos!$F:$F,Movimentos!$A:$A,A2))) | G2: =IF(D2="","",D2-F2) | H2: =IF(N(D2)>0,F2/D2,"") | I2: =IF(G2="","",IF(G2<0,"Além da meta",IF(H2>=Regras!$B$3,"Atenção","OK"))) | J2: =IF(C2="corridas","-",IF(COUNTIFS(Movimentos!$A:$A,A2,Movimentos!$C:$C,"")>0,"Sim","Não")) | K2: G
A3: Molde H | B3: Molde | C3: corridas | D3: 1100 | F3: =IF(C3="corridas",SUMIFS(Historico!$E:$E,Historico!$B:$B,K3,Historico!$A:$A,SUMPRODUCT(MAX((Historico!$B$2:$B$5000=K3)*Historico!$A$2:$A$5000))),N(E3)+IF(C3="dias",SUMIFS(Movimentos!$D:$D,Movimentos!$A:$A,A3),SUMIFS(Movimentos!$F:$F,Movimentos!$A:$A,A3))) | G3: =IF(D3="","",D3-F3) | H3: =IF(N(D3)>0,F3/D3,"") | I3: =IF(G3="","",IF(G3<0,"Além da meta",IF(H3>=Regras!$B$3,"Atenção","OK"))) | J3: =IF(C3="corridas","-",IF(COUNTIFS(Movimentos!$A:$A,A3,Movimentos!$C:$C,"")>0,"Sim","Não")) | K3: H
A4: Oscilador | B4: Oscilador | C4: dias | D4: 730 | F4: =IF(C4="corridas",SUMIFS(Historico!$E:$E,Historico!$B:$B,K4,Historico!$A:$A,SUMPRODUCT(MAX((Historico!$B$2:$B$5000=K4)*Historico!$A$2:$A$5000))),N(E4)+IF(C4="dias",SUMIFS(Movimentos!$D:$D,Movimentos!$A:$A,A4),SUMIFS(Movimentos!$F:$F,Movimentos!$A:$A,A4))) | G4: =IF(D4="","",D4-F4) | H4: =IF(N(D4)>0,F4/D4,"") | I4: =IF(G4="","",IF(G4<0,"Além da meta",IF(H4>=Regras!$B$3,"Atenção","OK"))) | J4: =IF(C4="corridas","-",IF(COUNTIFS(Movimentos!$A:$A,A4,Movimentos!$C:$C,"")>0,"Sim","Não"))
A5: Bender | B5: Componente | C5: t | D5: 1100000 | F5: =IF(C5="corridas",SUMIFS(Historico!$E:$E,Historico!$B:$B,K5,Historico!$A:$A,SUMPRODUCT(MAX((Historico!$B$2:$B$5000=K5)*Historico!$A$2:$A$5000))),N(E5)+IF(C5="dias",SUMIFS(Movimentos!$D:$D,Movimentos!$A:$A,A5),SUMIFS(Movimentos!$F:$F,Movimentos!$A:$A,A5))) | G5: =IF(D5="","",D5-F5) | H5: =IF(N(D5)>0,F5/D5,"") | I5: =IF(G5="","",IF(G5<0,"Além da meta",IF(H5>=Regras!$B$3,"Atenção","OK"))) | J5: =IF(C5="corridas","-",IF(COUNTIFS(Movimentos!$A:$A,A5,Movimentos!$C:$C,"")>0,"Sim","Não"))
A6: Bow | B6: Componente | C6: t | D6: 1900000 | F6: =IF(C6="corridas",SUMIFS(Historico!$E:$E,Historico!$B:$B,K6,Historico!$A:$A,SUMPRODUCT(MAX((Historico!$B$2:$B$5000=K6)*Historico!$A$2:$A$5000))),N(E6)+IF(C6="dias",SUMIFS(Movimentos!$D:$D,Movimentos!$A:$A,A6),SUMIFS(Movimentos!$F:$F,Movimentos!$A:$A,A6))) | G6: =IF(D6="","",D6-F6) | H6: =IF(N(D6)>0,F6/D6,"") | I6: =IF(G6="","",IF(G6<0,"Além da meta",IF(H6>=Regras!$B$3,"Atenção","OK"))) | J6: =IF(C6="corridas","-",IF(COUNTIFS(Movimentos!$A:$A,A6,Movimentos!$C:$C,"")>0,"Sim","Não"))
A7: Straightener R1 | B7: Componente | C7: t | D7: 1700000 | F7: =IF(C7="corridas",SUMIFS(Historico!$E:$E,Historico!$B:$B,K7,Historico!$A:$A,SUMPRODUCT(MAX((Historico!$B$2:$B$5000=K7)*Historico!$A$2:$A$5000))),N(E7)+IF(C7="dias",SUMIFS(Movimentos!$D:$D,Movimentos!$A:$A,A7),SUMIFS(Movimentos!$F:$F,Movimentos!$A:$A,A7))) | G7: =IF(D7="","",D7-F7) | H7: =IF(N(D7)>0,F7/D7,"") | I7: =IF(G7="","",IF(G7<0,"Além da meta",IF(H7>=Regras!$B$3,"Atenção","OK"))) | J7: =IF(C7="corridas","-",IF(COUNTIFS(Movimentos!$A:$A,A7,Movimentos!$C:$C,"")>0,"Sim","Não"))
A8: Straightener R2 | B8: Componente | C8: t | D8: 1700000 | F8: =IF(C8="corridas",SUMIFS(Historico!$E:$E,Historico!$B:$B,K8,Historico!$A:$A,SUMPRODUCT(MAX((Historico!$B$2:$B$5000=K8)*Historico!$A$2:$A$5000))),N(E8)+IF(C8="dias",SUMIFS(Movimentos!$D:$D,Movimentos!$A:$A,A8),SUMIFS(Movimentos!$F:$F,Movimentos!$A:$A,A8))) | G8: =IF(D8="","",D8-F8) | H8: =IF(N(D8)>0,F8/D8,"") | I8: =IF(G8="","",IF(G8<0,"Além da meta",IF(H8>=Regras!$B$3,"Atenção","OK"))) | J8: =IF(C8="corridas","-",IF(COUNTIFS(Movimentos!$A:$A,A8,Movimentos!$C:$C,"")>0,"Sim","Não"))
A9: Horizontal | B9: Componente | C9: t | D9: 3300000 | F9: =IF(C9="corridas",SUMIFS(Historico!$E:$E,Historico!$B:$B,K9,Historico!$A:$A,SUMPRODUCT(MAX((Historico!$B$2:$B$5000=K9)*Historico!$A$2:$A$5000))),N(E9)+IF(C9="dias",SUMIFS(Movimentos!$D:$D,Movimentos!$A:$A,A9),SUMIFS(Movimentos!$F:$F,Movimentos!$A:$A,A9))) | G9: =IF(D9="","",D9-F9) | H9: =IF(N(D9)>0,F9/D9,"") | I9: =IF(G9="","",IF(G9<0,"Além da meta",IF(H9>=Regras!$B$3,"Atenção","OK"))) | J9: =IF(C9="corridas","-",IF(COUNTIFS(Movimentos!$A:$A,A9,Movimentos!$C:$C,"")>0,"Sim","Não"))
A12: Amarelo = pode digitar. Meta e acumulado inicial são seus; o resto é calculado.

Sheet Moldes
A1: Veio | B1: MCC | C1: Molde atual | D1: Meta | E1: Acumulado | F1: Falta | G1: % | H1: Situação | I1: Trocas (qtd) | J1: Corridas médias na saída | K1: Última troca | L1: Dias parado | M1: Dados de
A2: C | B2: MCC2 | C2: =IF(M2=0,"",SUMIFS(Historico!$C:$C,Historico!$B:$B,A2,Historico!$A:$A,M2)) | D2: =IF(M2=0,"",SUMIFS(Historico!$D:$D,Historico!$B:$B,A2,Historico!$A:$A,M2)) | E2: =IF(M2=0,"",SUMIFS(Historico!$E:$E,Historico!$B:$B,A2,Historico!$A:$A,M2)) | F2: =IF(M2=0,"",D2-E2) | G2: =IF(M2=0,"",IF(N(D2)>0,E2/D2,"")) | H2: =IF(M2=0,"",IF(F2<0,"Além da meta",IF(G2>=Regras!$B$3,"Atenção","OK"))) | I2: =COUNTIFS(Trocas!$B:$B,A2) | J2: =IFERROR(AVERAGEIFS(Trocas!$E:$E,Trocas!$B:$B,A2),"-") | K2: =IF(I2=0,"-",SUMPRODUCT(MAX((Trocas!$B$2:$B$5000=A2)*Trocas!$A$2:$A$5000))) | L2: =SUMIFS(Paradas!$E:$E,Paradas!$C:$C,A2) | M2: =SUMPRODUCT(MAX((Historico!$B$2:$B$5000=A2)*Historico!$A$2:$A$5000))
A3: D | B3: MCC2 | C3: =IF(M3=0,"",SUMIFS(Historico!$C:$C,Historico!$B:$B,A3,Historico!$A:$A,M3)) | D3: =IF(M3=0,"",SUMIFS(Historico!$D:$D,Historico!$B:$B,A3,Historico!$A:$A,M3)) | E3: =IF(M3=0,"",SUMIFS(Historico!$E:$E,Historico!$B:$B,A3,Historico!$A:$A,M3)) | F3: =IF(M3=0,"",D3-E3) | G3: =IF(M3=0,"",IF(N(D3)>0,E3/D3,"")) | H3: =IF(M3=0,"",IF(F3<0,"Além da meta",IF(G3>=Regras!$B$3,"Atenção","OK"))) | I3: =COUNTIFS(Trocas!$B:$B,A3) | J3: =IFERROR(AVERAGEIFS(Trocas!$E:$E,Trocas!$B:$B,A3),"-") | K3: =IF(I3=0,"-",SUMPRODUCT(MAX((Trocas!$B$2:$B$5000=A3)*Trocas!$A$2:$A$5000))) | L3: =SUMIFS(Paradas!$E:$E,Paradas!$C:$C,A3) | M3: =SUMPRODUCT(MAX((Historico!$B$2:$B$5000=A3)*Historico!$A$2:$A$5000))
A4: E | B4: MCC3 | C4: =IF(M4=0,"",SUMIFS(Historico!$C:$C,Historico!$B:$B,A4,Historico!$A:$A,M4)) | D4: =IF(M4=0,"",SUMIFS(Historico!$D:$D,Historico!$B:$B,A4,Historico!$A:$A,M4)) | E4: =IF(M4=0,"",SUMIFS(Historico!$E:$E,Historico!$B:$B,A4,Historico!$A:$A,M4)) | F4: =IF(M4=0,"",D4-E4) | G4: =IF(M4=0,"",IF(N(D4)>0,E4/D4,"")) | H4: =IF(M4=0,"",IF(F4<0,"Além da meta",IF(G4>=Regras!$B$3,"Atenção","OK"))) | I4: =COUNTIFS(Trocas!$B:$B,A4) | J4: =IFERROR(AVERAGEIFS(Trocas!$E:$E,Trocas!$B:$B,A4),"-") | K4: =IF(I4=0,"-",SUMPRODUCT(MAX((Trocas!$B$2:$B$5000=A4)*Trocas!$A$2:$A$5000))) | L4: =SUMIFS(Paradas!$E:$E,Paradas!$C:$C,A4) | M4: =SUMPRODUCT(MAX((Historico!$B$2:$B$5000=A4)*Historico!$A$2:$A$5000))
A5: F | B5: MCC3 | C5: =IF(M5=0,"",SUMIFS(Historico!$C:$C,Historico!$B:$B,A5,Historico!$A:$A,M5)) | D5: =IF(M5=0,"",SUMIFS(Historico!$D:$D,Historico!$B:$B,A5,Historico!$A:$A,M5)) | E5: =IF(M5=0,"",SUMIFS(Historico!$E:$E,Historico!$B:$B,A5,Historico!$A:$A,M5)) | F5: =IF(M5=0,"",D5-E5) | G5: =IF(M5=0,"",IF(N(D5)>0,E5/D5,"")) | H5: =IF(M5=0,"",IF(F5<0,"Além da meta",IF(G5>=Regras!$B$3,"Atenção","OK"))) | I5: =COUNTIFS(Trocas!$B:$B,A5) | J5: =IFERROR(AVERAGEIFS(Trocas!$E:$E,Trocas!$B:$B,A5),"-") | K5: =IF(I5=0,"-",SUMPRODUCT(MAX((Trocas!$B$2:$B$5000=A5)*Trocas!$A$2:$A$5000))) | L5: =SUMIFS(Paradas!$E:$E,Paradas!$C:$C,A5) | M5: =SUMPRODUCT(MAX((Historico!$B$2:$B$5000=A5)*Historico!$A$2:$A$5000))
A6: G | B6: MCC4 | C6: =IF(M6=0,"",SUMIFS(Historico!$C:$C,Historico!$B:$B,A6,Historico!$A:$A,M6)) | D6: =IF(M6=0,"",SUMIFS(Historico!$D:$D,Historico!$B:$B,A6,Historico!$A:$A,M6)) | E6: =IF(M6=0,"",SUMIFS(Historico!$E:$E,Historico!$B:$B,A6,Historico!$A:$A,M6)) | F6: =IF(M6=0,"",D6-E6) | G6: =IF(M6=0,"",IF(N(D6)>0,E6/D6,"")) | H6: =IF(M6=0,"",IF(F6<0,"Além da meta",IF(G6>=Regras!$B$3,"Atenção","OK"))) | I6: =COUNTIFS(Trocas!$B:$B,A6) | J6: =IFERROR(AVERAGEIFS(Trocas!$E:$E,Trocas!$B:$B,A6),"-") | K6: =IF(I6=0,"-",SUMPRODUCT(MAX((Trocas!$B$2:$B$5000=A6)*Trocas!$A$2:$A$5000))) | L6: =SUMIFS(Paradas!$E:$E,Paradas!$C:$C,A6) | M6: =SUMPRODUCT(MAX((Historico!$B$2:$B$5000=A6)*Historico!$A$2:$A$5000))
A7: H | B7: MCC4 | C7: =IF(M7=0,"",SUMIFS(Historico!$C:$C,Historico!$B:$B,A7,Historico!$A:$A,M7)) | D7: =IF(M7=0,"",SUMIFS(Historico!$D:$D,Historico!$B:$B,A7,Historico!$A:$A,M7)) | E7: =IF(M7=0,"",SUMIFS(Historico!$E:$E,Historico!$B:$B,A7,Historico!$A:$A,M7)) | F7: =IF(M7=0,"",D7-E7) | G7: =IF(M7=0,"",IF(N(D7)>0,E7/D7,"")) | H7: =IF(M7=0,"",IF(F7<0,"Além da meta",IF(G7>=Regras!$B$3,"Atenção","OK"))) | I7: =COUNTIFS(Trocas!$B:$B,A7) | J7: =IFERROR(AVERAGEIFS(Trocas!$E:$E,Trocas!$B:$B,A7),"-") | K7: =IF(I7=0,"-",SUMPRODUCT(MAX((Trocas!$B$2:$B$5000=A7)*Trocas!$A$2:$A$5000))) | L7: =SUMIFS(Paradas!$E:$E,Paradas!$C:$C,A7) | M7: =SUMPRODUCT(MAX((Historico!$B$2:$B$5000=A7)*Historico!$A$2:$A$5000))
A9: Mostra todos os veios (C a H) com o último dado importado pelo robô. Corridas médias na saída = média das trocas já registradas.

Sheet Movimentos
A1: Equipamento | B1: Entrada | C1: Saída | D1: Dias rodados | E1: Alerta | F1: Toneladas do período
D2: =IF(B2="","",IF(C2="",TODAY(),C2)-B2) | E2: =IF(A2="","",IF(COUNTIFS($A:$A,A2,$C:$C,"")>1,"Mais de uma entrada em aberto",IF(AND(C2<>"",C2<B2),"Saída antes da entrada",""))) | F2: =IF(OR(A2="",B2=""),"",SUMIFS(Producao!$B:$B,Producao!$A:$A,">="&B2,Producao!$A:$A,"<"&IF(C2="",TODAY()+1,C2)))
D3: =IF(B3="","",IF(C3="",TODAY(),C3)-B3) | E3: =IF(A3="","",IF(COUNTIFS($A:$A,A3,$C:$C,"")>1,"Mais de uma entrada em aberto",IF(AND(C3<>"",C3<B3),"Saída antes da entrada",""))) | F3: =IF(OR(A3="",B3=""),"",SUMIFS(Producao!$B:$B,Producao!$A:$A,">="&B3,Producao!$A:$A,"<"&IF(C3="",TODAY()+1,C3)))
D4: =IF(B4="","",IF(C4="",TODAY(),C4)-B4) | E4: =IF(A4="","",IF(COUNTIFS($A:$A,A4,$C:$C,"")>1,"Mais de uma entrada em aberto",IF(AND(C4<>"",C4<B4),"Saída antes da entrada",""))) | F4: =IF(OR(A4="",B4=""),"",SUMIFS(Producao!$B:$B,Producao!$A:$A,">="&B4,Producao!$A:$A,"<"&IF(C4="",TODAY()+1,C4)))
D5: =IF(B5="","",IF(C5="",TODAY(),C5)-B5) | E5: =IF(A5="","",IF(COUNTIFS($A:$A,A5,$C:$C,"")>1,"Mais de uma entrada em aberto",IF(AND(C5<>"",C5<B5),"Saída antes da entrada",""))) | F5: =IF(OR(A5="",B5=""),"",SUMIFS(Producao!$B:$B,Producao!$A:$A,">="&B5,Producao!$A:$A,"<"&IF(C5="",TODAY()+1,C5)))
D6: =IF(B6="","",IF(C6="",TODAY(),C6)-B6) | E6: =IF(A6="","",IF(COUNTIFS($A:$A,A6,$C:$C,"")>1,"Mais de uma entrada em aberto",IF(AND(C6<>"",C6<B6),"Saída antes da entrada",""))) | F6: =IF(OR(A6="",B6=""),"",SUMIFS(Producao!$B:$B,Producao!$A:$A,">="&B6,Producao!$A:$A,"<"&IF(C6="",TODAY()+1,C6)))
D7: =IF(B7="","",IF(C7="",TODAY(),C7)-B7) | E7: =IF(A7="","",IF(COUNTIFS($A:$A,A7,$C:$C,"")>1,"Mais de uma entrada em aberto",IF(AND(C7<>"",C7<B7),"Saída antes da entrada",""))) | F7: =IF(OR(A7="",B7=""),"",SUMIFS(Producao!$B:$B,Producao!$A:$A,">="&B7,Producao!$A:$A,"<"&IF(C7="",TODAY()+1,C7)))
D8: =IF(B8="","",IF(C8="",TODAY(),C8)-B8) | E8: =IF(A8="","",IF(COUNTIFS($A:$A,A8,$C:$C,"")>1,"Mais de uma entrada em aberto",IF(AND(C8<>"",C8<B8),"Saída antes da entrada",""))) | F8: =IF(OR(A8="",B8=""),"",SUMIFS(Producao!$B:$B,Producao!$A:$A,">="&B8,Producao!$A:$A,"<"&IF(C8="",TODAY()+1,C8)))
D9: =IF(B9="","",IF(C9="",TODAY(),C9)-B9) | E9: =IF(A9="","",IF(COUNTIFS($A:$A,A9,$C:$C,"")>1,"Mais de uma entrada em aberto",IF(AND(C9<>"",C9<B9),"Saída antes da entrada",""))) | F9: =IF(OR(A9="",B9=""),"",SUMIFS(Producao!$B:$B,Producao!$A:$A,">="&B9,Producao!$A:$A,"<"&IF(C9="",TODAY()+1,C9)))
D10: =IF(B10="","",IF(C10="",TODAY(),C10)-B10) | E10: =IF(A10="","",IF(COUNTIFS($A:$A,A10,$C:$C,"")>1,"Mais de uma entrada em aberto",IF(AND(C10<>"",C10<B10),"Saída antes da entrada",""))) | F10: =IF(OR(A10="",B10=""),"",SUMIFS(Producao!$B:$B,Producao!$A:$A,">="&B10,Producao!$A:$A,"<"&IF(C10="",TODAY()+1,C10)))
D11: =IF(B11="","",IF(C11="",TODAY(),C11)-B11) | E11: =IF(A11="","",IF(COUNTIFS($A:$A,A11,$C:$C,"")>1,"Mais de uma entrada em aberto",IF(AND(C11<>"",C11<B11),"Saída antes da entrada",""))) | F11: =IF(OR(A11="",B11=""),"",SUMIFS(Producao!$B:$B,Producao!$A:$A,">="&B11,Producao!$A:$A,"<"&IF(C11="",TODAY()+1,C11)))
D12: =IF(B12="","",IF(C12="",TODAY(),C12)-B12) | E12: =IF(A12="","",IF(COUNTIFS($A:$A,A12,$C:$C,"")>1,"Mais de uma entrada em aberto",IF(AND(C12<>"",C12<B12),"Saída antes da entrada",""))) | F12: =IF(OR(A12="",B12=""),"",SUMIFS(Producao!$B:$B,Producao!$A:$A,">="&B12,Producao!$A:$A,"<"&IF(C12="",TODAY()+1,C12)))
D13: =IF(B13="","",IF(C13="",TODAY(),C13)-B13) | E13: =IF(A13="","",IF(COUNTIFS($A:$A,A13,$C:$C,"")>1,"Mais de uma entrada em aberto",IF(AND(C13<>"",C13<B13),"Saída antes da entrada",""))) | F13: =IF(OR(A13="",B13=""),"",SUMIFS(Producao!$B:$B,Producao!$A:$A,">="&B13,Producao!$A:$A,"<"&IF(C13="",TODAY()+1,C13)))
... D1000: =IF(B1000="","",IF(C1000="",TODAY(),C1000)-B1000) | E1000: =IF(A1000="","",IF(COUNTIFS($A:$A,A1000,$C:$C,"")>1,"Mais de uma entrada em aberto",IF(AND(C1000<>"",C1000<B1000),"Saída antes da entrada",""))) | F1000: =IF(OR(A1000="",B1000=""),"",SUMIFS(Producao!$B:$B,Producao!$A:$A,">="&B1000,Producao!$A:$A,"<"&IF(C1000="",TODAY()+1,C1000)))

Sheet Paradas
A1: Início | B1: Fim | C1: Veio / equipamento | D1: Motivo | E1: Dias parado | F1: Observação
E2: =IF(OR(A2="",B2=""),"",B2-A2)
E3: =IF(OR(A3="",B3=""),"",B3-A3)
E4: =IF(OR(A4="",B4=""),"",B4-A4)
E5: =IF(OR(A5="",B5=""),"",B5-A5)
E6: =IF(OR(A6="",B6=""),"",B6-A6)
E7: =IF(OR(A7="",B7=""),"",B7-A7)
E8: =IF(OR(A8="",B8=""),"",B8-A8)
E9: =IF(OR(A9="",B9=""),"",B9-A9)
E10: =IF(OR(A10="",B10=""),"",B10-A10)
E11: =IF(OR(A11="",B11=""),"",B11-A11)
E12: =IF(OR(A12="",B12=""),"",B12-A12)
E13: =IF(OR(A13="",B13=""),"",B13-A13)
... E1000: =IF(OR(A1000="",B1000=""),"",B1000-A1000)

Sheet Historico
A1: Data | B1: Veio | C1: Molde nº | D1: Meta (vida progr.) | E1: Acumulado (corridas) | F1: Observação

Sheet Producao
A1: Data | B1: MCC4 real (t) | C1: MCC4 prog (t) | D1: MCC2 real (t) | E1: MCC3 real (t) | F1: Arquivo

Sheet Trocas
A1: Data | B1: Veio | C1: Molde que saiu | D1: Vida programada | E1: Corridas na saída | F1: Molde que entrou | G1: Motivo | H1: Conferir | I1: Origem

Sheet Alertas
A1: Data/hora | B1: Tipo | C1: Item | D1: Detalhe | E1: Resolvido

Sheet Regras
A1: Parâmetro | B1: Valor
A3: Limiar de atenção (%) | B3: 0.8
A5: Como a planilha calcula
A6: Molde (corridas): acumulado do último dia em Historico, por veio. O robô grava um registro por data e veio; reenvio do mesmo dia substitui, não soma.
A7: Troca de molde: quando o nº do molde do veio muda de um dia para o outro, o robô registra em Trocas (molde que saiu, corridas na saída, molde que entrou, motivo).
A8: Oscilador (dias): saída − entrada em Movimentos. A entrada conta, a saída não. Sem saída, conta até hoje.
A9: Componentes (t): toneladas reais do MCC4 (aba Producao) nos dias entre entrada e saída. Fora desse período não desconta.
A10: Falta = meta − acumulado. % = acumulado ÷ meta. Acima de 100% = além da meta. Sem previsão de data de troca.
A11: Alertas: acumulado diminuiu sem troca; veio não andou enquanto a MCC produziu; layout dos anexos mudou. Escolha 'Sim' em Resolvido quando tratar.
A12: Cores das abas: azul = painel e resumos; amarelo/ouro = você digita (Movimentos, Paradas); cinza = o robô preenche; vermelho = alertas.
A14: Autor: Lucas Gabriel de Paula Rafael | Matrícula cbk3574 | github.com/lucasdpr/controle-equipamentos

Sheet Auxiliar
A1: Dia | B1: Veio G (corridas) | C1: Veio H (corridas) | D1: MCC4 real (t)
A2: =TODAY()-29 | B2: =IF(COUNTIFS(Historico!$A:$A,$A2,Historico!$B:$B,"G")=0,NA(),SUMIFS(Historico!$E:$E,Historico!$A:$A,$A2,Historico!$B:$B,"G")) | C2: =IF(COUNTIFS(Historico!$A:$A,$A2,Historico!$B:$B,"H")=0,NA(),SUMIFS(Historico!$E:$E,Historico!$A:$A,$A2,Historico!$B:$B,"H")) | D2: =SUMIFS(Producao!$B:$B,Producao!$A:$A,$A2)
A3: =TODAY()-28 | B3: =IF(COUNTIFS(Historico!$A:$A,$A3,Historico!$B:$B,"G")=0,NA(),SUMIFS(Historico!$E:$E,Historico!$A:$A,$A3,Historico!$B:$B,"G")) | C3: =IF(COUNTIFS(Historico!$A:$A,$A3,Historico!$B:$B,"H")=0,NA(),SUMIFS(Historico!$E:$E,Historico!$A:$A,$A3,Historico!$B:$B,"H")) | D3: =SUMIFS(Producao!$B:$B,Producao!$A:$A,$A3)
A4: =TODAY()-27 | B4: =IF(COUNTIFS(Historico!$A:$A,$A4,Historico!$B:$B,"G")=0,NA(),SUMIFS(Historico!$E:$E,Historico!$A:$A,$A4,Historico!$B:$B,"G")) | C4: =IF(COUNTIFS(Historico!$A:$A,$A4,Historico!$B:$B,"H")=0,NA(),SUMIFS(Historico!$E:$E,Historico!$A:$A,$A4,Historico!$B:$B,"H")) | D4: =SUMIFS(Producao!$B:$B,Producao!$A:$A,$A4)
A5: =TODAY()-26 | B5: =IF(COUNTIFS(Historico!$A:$A,$A5,Historico!$B:$B,"G")=0,NA(),SUMIFS(Historico!$E:$E,Historico!$A:$A,$A5,Historico!$B:$B,"G")) | C5: =IF(COUNTIFS(Historico!$A:$A,$A5,Historico!$B:$B,"H")=0,NA(),SUMIFS(Historico!$E:$E,Historico!$A:$A,$A5,Historico!$B:$B,"H")) | D5: =SUMIFS(Producao!$B:$B,Producao!$A:$A,$A5)
A6: =TODAY()-25 | B6: =IF(COUNTIFS(Historico!$A:$A,$A6,Historico!$B:$B,"G")=0,NA(),SUMIFS(Historico!$E:$E,Historico!$A:$A,$A6,Historico!$B:$B,"G")) | C6: =IF(COUNTIFS(Historico!$A:$A,$A6,Historico!$B:$B,"H")=0,NA(),SUMIFS(Historico!$E:$E,Historico!$A:$A,$A6,Historico!$B:$B,"H")) | D6: =SUMIFS(Producao!$B:$B,Producao!$A:$A,$A6)
A7: =TODAY()-24 | B7: =IF(COUNTIFS(Historico!$A:$A,$A7,Historico!$B:$B,"G")=0,NA(),SUMIFS(Historico!$E:$E,Historico!$A:$A,$A7,Historico!$B:$B,"G")) | C7: =IF(COUNTIFS(Historico!$A:$A,$A7,Historico!$B:$B,"H")=0,NA(),SUMIFS(Historico!$E:$E,Historico!$A:$A,$A7,Historico!$B:$B,"H")) | D7: =SUMIFS(Producao!$B:$B,Producao!$A:$A,$A7)
A8: =TODAY()-23 | B8: =IF(COUNTIFS(Historico!$A:$A,$A8,Historico!$B:$B,"G")=0,NA(),SUMIFS(Historico!$E:$E,Historico!$A:$A,$A8,Historico!$B:$B,"G")) | C8: =IF(COUNTIFS(Historico!$A:$A,$A8,Historico!$B:$B,"H")=0,NA(),SUMIFS(Historico!$E:$E,Historico!$A:$A,$A8,Historico!$B:$B,"H")) | D8: =SUMIFS(Producao!$B:$B,Producao!$A:$A,$A8)
A9: =TODAY()-22 | B9: =IF(COUNTIFS(Historico!$A:$A,$A9,Historico!$B:$B,"G")=0,NA(),SUMIFS(Historico!$E:$E,Historico!$A:$A,$A9,Historico!$B:$B,"G")) | C9: =IF(COUNTIFS(Historico!$A:$A,$A9,Historico!$B:$B,"H")=0,NA(),SUMIFS(Historico!$E:$E,Historico!$A:$A,$A9,Historico!$B:$B,"H")) | D9: =SUMIFS(Producao!$B:$B,Producao!$A:$A,$A9)
A10: =TODAY()-21 | B10: =IF(COUNTIFS(Historico!$A:$A,$A10,Historico!$B:$B,"G")=0,NA(),SUMIFS(Historico!$E:$E,Historico!$A:$A,$A10,Historico!$B:$B,"G")) | C10: =IF(COUNTIFS(Historico!$A:$A,$A10,Historico!$B:$B,"H")=0,NA(),SUMIFS(Historico!$E:$E,Historico!$A:$A,$A10,Historico!$B:$B,"H")) | D10: =SUMIFS(Producao!$B:$B,Producao!$A:$A,$A10)
A11: =TODAY()-20 | B11: =IF(COUNTIFS(Historico!$A:$A,$A11,Historico!$B:$B,"G")=0,NA(),SUMIFS(Historico!$E:$E,Historico!$A:$A,$A11,Historico!$B:$B,"G")) | C11: =IF(COUNTIFS(Historico!$A:$A,$A11,Historico!$B:$B,"H")=0,NA(),SUMIFS(Historico!$E:$E,Historico!$A:$A,$A11,Historico!$B:$B,"H")) | D11: =SUMIFS(Producao!$B:$B,Producao!$A:$A,$A11)
A12: =TODAY()-19 | B12: =IF(COUNTIFS(Historico!$A:$A,$A12,Historico!$B:$B,"G")=0,NA(),SUMIFS(Historico!$E:$E,Historico!$A:$A,$A12,Historico!$B:$B,"G")) | C12: =IF(COUNTIFS(Historico!$A:$A,$A12,Historico!$B:$B,"H")=0,NA(),SUMIFS(Historico!$E:$E,Historico!$A:$A,$A12,Historico!$B:$B,"H")) | D12: =SUMIFS(Producao!$B:$B,Producao!$A:$A,$A12)
A13: =TODAY()-18 | B13: =IF(COUNTIFS(Historico!$A:$A,$A13,Historico!$B:$B,"G")=0,NA(),SUMIFS(Historico!$E:$E,Historico!$A:$A,$A13,Historico!$B:$B,"G")) | C13: =IF(COUNTIFS(Historico!$A:$A,$A13,Historico!$B:$B,"H")=0,NA(),SUMIFS(Historico!$E:$E,Historico!$A:$A,$A13,Historico!$B:$B,"H")) | D13: =SUMIFS(Producao!$B:$B,Producao!$A:$A,$A13)
A14: =TODAY()-17 | B14: =IF(COUNTIFS(Historico!$A:$A,$A14,Historico!$B:$B,"G")=0,NA(),SUMIFS(Historico!$E:$E,Historico!$A:$A,$A14,Historico!$B:$B,"G")) | C14: =IF(COUNTIFS(Historico!$A:$A,$A14,Historico!$B:$B,"H")=0,NA(),SUMIFS(Historico!$E:$E,Historico!$A:$A,$A14,Historico!$B:$B,"H")) | D14: =SUMIFS(Producao!$B:$B,Producao!$A:$A,$A14)
A15: =TODAY()-16 | B15: =IF(COUNTIFS(Historico!$A:$A,$A15,Historico!$B:$B,"G")=0,NA(),SUMIFS(Historico!$E:$E,Historico!$A:$A,$A15,Historico!$B:$B,"G")) | C15: =IF(COUNTIFS(Historico!$A:$A,$A15,Historico!$B:$B,"H")=0,NA(),SUMIFS(Historico!$E:$E,Historico!$A:$A,$A15,Historico!$B:$B,"H")) | D15: =SUMIFS(Producao!$B:$B,Producao!$A:$A,$A15)
A16: =TODAY()-15 | B16: =IF(COUNTIFS(Historico!$A:$A,$A16,Historico!$B:$B,"G")=0,NA(),SUMIFS(Historico!$E:$E,Historico!$A:$A,$A16,Historico!$B:$B,"G")) | C16: =IF(COUNTIFS(Historico!$A:$A,$A16,Historico!$B:$B,"H")=0,NA(),SUMIFS(Historico!$E:$E,Historico!$A:$A,$A16,Historico!$B:$B,"H")) | D16: =SUMIFS(Producao!$B:$B,Producao!$A:$A,$A16)
A17: =TODAY()-14 | B17: =IF(COUNTIFS(Historico!$A:$A,$A17,Historico!$B:$B,"G")=0,NA(),SUMIFS(Historico!$E:$E,Historico!$A:$A,$A17,Historico!$B:$B,"G")) | C17: =IF(COUNTIFS(Historico!$A:$A,$A17,Historico!$B:$B,"H")=0,NA(),SUMIFS(Historico!$E:$E,Historico!$A:$A,$A17,Historico!$B:$B,"H")) | D17: =SUMIFS(Producao!$B:$B,Producao!$A:$A,$A17)
A18: =TODAY()-13 | B18: =IF(COUNTIFS(Historico!$A:$A,$A18,Historico!$B:$B,"G")=0,NA(),SUMIFS(Historico!$E:$E,Historico!$A:$A,$A18,Historico!$B:$B,"G")) | C18: =IF(COUNTIFS(Historico!$A:$A,$A18,Historico!$B:$B,"H")=0,NA(),SUMIFS(Historico!$E:$E,Historico!$A:$A,$A18,Historico!$B:$B,"H")) | D18: =SUMIFS(Producao!$B:$B,Producao!$A:$A,$A18)
A19: =TODAY()-12 | B19: =IF(COUNTIFS(Historico!$A:$A,$A19,Historico!$B:$B,"G")=0,NA(),SUMIFS(Historico!$E:$E,Historico!$A:$A,$A19,Historico!$B:$B,"G")) | C19: =IF(COUNTIFS(Historico!$A:$A,$A19,Historico!$B:$B,"H")=0,NA(),SUMIFS(Historico!$E:$E,Historico!$A:$A,$A19,Historico!$B:$B,"H")) | D19: =SUMIFS(Producao!$B:$B,Producao!$A:$A,$A19)
A20: =TODAY()-11 | B20: =IF(COUNTIFS(Historico!$A:$A,$A20,Historico!$B:$B,"G")=0,NA(),SUMIFS(Historico!$E:$E,Historico!$A:$A,$A20,Historico!$B:$B,"G")) | C20: =IF(COUNTIFS(Historico!$A:$A,$A20,Historico!$B:$B,"H")=0,NA(),SUMIFS(Historico!$E:$E,Historico!$A:$A,$A20,Historico!$B:$B,"H")) | D20: =SUMIFS(Producao!$B:$B,Producao!$A:$A,$A20)
A21: =TODAY()-10 | B21: =IF(COUNTIFS(Historico!$A:$A,$A21,Historico!$B:$B,"G")=0,NA(),SUMIFS(Historico!$E:$E,Historico!$A:$A,$A21,Historico!$B:$B,"G")) | C21: =IF(COUNTIFS(Historico!$A:$A,$A21,Historico!$B:$B,"H")=0,NA(),SUMIFS(Historico!$E:$E,Historico!$A:$A,$A21,Historico!$B:$B,"H")) | D21: =SUMIFS(Producao!$B:$B,Producao!$A:$A,$A21)
A22: =TODAY()-9 | B22: =IF(COUNTIFS(Historico!$A:$A,$A22,Historico!$B:$B,"G")=0,NA(),SUMIFS(Historico!$E:$E,Historico!$A:$A,$A22,Historico!$B:$B,"G")) | C22: =IF(COUNTIFS(Historico!$A:$A,$A22,Historico!$B:$B,"H")=0,NA(),SUMIFS(Historico!$E:$E,Historico!$A:$A,$A22,Historico!$B:$B,"H")) | D22: =SUMIFS(Producao!$B:$B,Producao!$A:$A,$A22)
A23: =TODAY()-8 | B23: =IF(COUNTIFS(Historico!$A:$A,$A23,Historico!$B:$B,"G")=0,NA(),SUMIFS(Historico!$E:$E,Historico!$A:$A,$A23,Historico!$B:$B,"G")) | C23: =IF(COUNTIFS(Historico!$A:$A,$A23,Historico!$B:$B,"H")=0,NA(),SUMIFS(Historico!$E:$E,Historico!$A:$A,$A23,Historico!$B:$B,"H")) | D23: =SUMIFS(Producao!$B:$B,Producao!$A:$A,$A23)
A24: =TODAY()-7 | B24: =IF(COUNTIFS(Historico!$A:$A,$A24,Historico!$B:$B,"G")=0,NA(),SUMIFS(Historico!$E:$E,Historico!$A:$A,$A24,Historico!$B:$B,"G")) | C24: =IF(COUNTIFS(Historico!$A:$A,$A24,Historico!$B:$B,"H")=0,NA(),SUMIFS(Historico!$E:$E,Historico!$A:$A,$A24,Historico!$B:$B,"H")) | D24: =SUMIFS(Producao!$B:$B,Producao!$A:$A,$A24)
A25: =TODAY()-6 | B25: =IF(COUNTIFS(Historico!$A:$A,$A25,Historico!$B:$B,"G")=0,NA(),SUMIFS(Historico!$E:$E,Historico!$A:$A,$A25,Historico!$B:$B,"G")) | C25: =IF(COUNTIFS(Historico!$A:$A,$A25,Historico!$B:$B,"H")=0,NA(),SUMIFS(Historico!$E:$E,Historico!$A:$A,$A25,Historico!$B:$B,"H")) | D25: =SUMIFS(Producao!$B:$B,Producao!$A:$A,$A25)
A26: =TODAY()-5 | B26: =IF(COUNTIFS(Historico!$A:$A,$A26,Historico!$B:$B,"G")=0,NA(),SUMIFS(Historico!$E:$E,Historico!$A:$A,$A26,Historico!$B:$B,"G")) | C26: =IF(COUNTIFS(Historico!$A:$A,$A26,Historico!$B:$B,"H")=0,NA(),SUMIFS(Historico!$E:$E,Historico!$A:$A,$A26,Historico!$B:$B,"H")) | D26: =SUMIFS(Producao!$B:$B,Producao!$A:$A,$A26)
A27: =TODAY()-4 | B27: =IF(COUNTIFS(Historico!$A:$A,$A27,Historico!$B:$B,"G")=0,NA(),SUMIFS(Historico!$E:$E,Historico!$A:$A,$A27,Historico!$B:$B,"G")) | C27: =IF(COUNTIFS(Historico!$A:$A,$A27,Historico!$B:$B,"H")=0,NA(),SUMIFS(Historico!$E:$E,Historico!$A:$A,$A27,Historico!$B:$B,"H")) | D27: =SUMIFS(Producao!$B:$B,Producao!$A:$A,$A27)
A28: =TODAY()-3 | B28: =IF(COUNTIFS(Historico!$A:$A,$A28,Historico!$B:$B,"G")=0,NA(),SUMIFS(Historico!$E:$E,Historico!$A:$A,$A28,Historico!$B:$B,"G")) | C28: =IF(COUNTIFS(Historico!$A:$A,$A28,Historico!$B:$B,"H")=0,NA(),SUMIFS(Historico!$E:$E,Historico!$A:$A,$A28,Historico!$B:$B,"H")) | D28: =SUMIFS(Producao!$B:$B,Producao!$A:$A,$A28)
A29: =TODAY()-2 | B29: =IF(COUNTIFS(Historico!$A:$A,$A29,Historico!$B:$B,"G")=0,NA(),SUMIFS(Historico!$E:$E,Historico!$A:$A,$A29,Historico!$B:$B,"G")) | C29: =IF(COUNTIFS(Historico!$A:$A,$A29,Historico!$B:$B,"H")=0,NA(),SUMIFS(Historico!$E:$E,Historico!$A:$A,$A29,Historico!$B:$B,"H")) | D29: =SUMIFS(Producao!$B:$B,Producao!$A:$A,$A29)
A30: =TODAY()-1 | B30: =IF(COUNTIFS(Historico!$A:$A,$A30,Historico!$B:$B,"G")=0,NA(),SUMIFS(Historico!$E:$E,Historico!$A:$A,$A30,Historico!$B:$B,"G")) | C30: =IF(COUNTIFS(Historico!$A:$A,$A30,Historico!$B:$B,"H")=0,NA(),SUMIFS(Historico!$E:$E,Historico!$A:$A,$A30,Historico!$B:$B,"H")) | D30: =SUMIFS(Producao!$B:$B,Producao!$A:$A,$A30)
A31: =TODAY()-0 | B31: =IF(COUNTIFS(Historico!$A:$A,$A31,Historico!$B:$B,"G")=0,NA(),SUMIFS(Historico!$E:$E,Historico!$A:$A,$A31,Historico!$B:$B,"G")) | C31: =IF(COUNTIFS(Historico!$A:$A,$A31,Historico!$B:$B,"H")=0,NA(),SUMIFS(Historico!$E:$E,Historico!$A:$A,$A31,Historico!$B:$B,"H")) | D31: =SUMIFS(Producao!$B:$B,Producao!$A:$A,$A31)
